world,run,model_seed,sampler,seq_acc,pixel_acc,n,calls_per_rollout,source_sha256
Game of Life,diffvanT_L1_d8_s42_bf16,42,uniform,0.41796875,0.9280433654785156,512,8,be13ae261a453c4006b0b1ece7f28652fed7c85ae141d9b6a099e6c5f542a0dc
Game of Life,diffvanT_L1_d8_s42_bf16,42,frame_ar_noise,1.0,1.0,512,8,be13ae261a453c4006b0b1ece7f28652fed7c85ae141d9b6a099e6c5f542a0dc
Game of Life,diffvanT_L1_d8_s43_bf16,43,uniform,0.423828125,0.9314689636230469,512,8,12156cb0dd6578454fa36d21090c5dcbe8c53df971099870265b2973a7364538
Game of Life,diffvanT_L1_d8_s43_bf16,43,frame_ar_noise,0.998046875,0.9999961853027344,512,8,12156cb0dd6578454fa36d21090c5dcbe8c53df971099870265b2973a7364538
Game of Life,diffvanT_L1_d8_s44_bf16,44,uniform,0.42578125,0.9510879516601562,512,8,a017f74cc40ce414c4e66a09b09a99726f4af498145458d1abffc4fe3ce61a36
Game of Life,diffvanT_L1_d8_s44_bf16,44,frame_ar_noise,1.0,1.0,512,8,a017f74cc40ce414c4e66a09b09a99726f4af498145458d1abffc4fe3ce61a36
Billiards,billiard_cubeD8_g16_s42,42,uniform,0.998046875,0.9999990463256836,512,8,90ac8e706abd9fcffe3b13fee09ed180b2f56389573faa153e198bde086405a8
Billiards,billiard_cubeD8_g16_s42,42,frame_ar_noise,1.0,1.0,512,8,90ac8e706abd9fcffe3b13fee09ed180b2f56389573faa153e198bde086405a8
Billiards,billiard_cubeD8_g16_s43,43,uniform,0.986328125,0.9999933242797852,512,8,395a166710fcb9e3546dd67bbe940b81e62947a79cea554a1ca20382c247c30b
Billiards,billiard_cubeD8_g16_s43,43,frame_ar_noise,1.0,1.0,512,8,395a166710fcb9e3546dd67bbe940b81e62947a79cea554a1ca20382c247c30b
Billiards,billiard_cubeD8_g16_s44,44,uniform,0.9921875,0.999995231628418,512,8,9fac906a68922e64e0c6a3e39caccf7794407d70992eb03b60dd209426d61097
Billiards,billiard_cubeD8_g16_s44,44,frame_ar_noise,1.0,1.0,512,8,9fac906a68922e64e0c6a3e39caccf7794407d70992eb03b60dd209426d61097
