model_seed,corpus,temperature,seq_acc,expected_seq_acc,sampling_passes,params,training_gpu_hours_lower_bound,allocated_training_gpu_hours
42,l4b_zs_scx_g8,1,0.9982638888888888,0.9972871381500498,3,12605696,8.444249459107716,8.62181319978502
43,l4b_zs_scx_g8,1,1.0,0.9998735855558532,3,12605696,8.398168524636162,8.57392169713974
44,l4b_zs_scx_g8,1,0.9826388888888888,0.9855509871088115,3,12605696,11.481586363050672,12.105973743332758
42,l4b_zs_scx_g8,0,1.0,,1,12605696,8.444249459107716,8.62181319978502
43,l4b_zs_scx_g8,0,1.0,,1,12605696,8.398168524636162,8.57392169713974
44,l4b_zs_scx_g8,0,0.9934895833333334,,1,12605696,11.481586363050672,12.105973743332758
42,l4b_zs_sc_g8,1,1.0,0.9999683795663767,3,12605696,8.444249459107716,8.62181319978502
43,l4b_zs_sc_g8,1,1.0,0.999989269330309,3,12605696,8.398168524636162,8.57392169713974
44,l4b_zs_sc_g8,1,0.9993489583333334,0.9994179688486742,3,12605696,11.481586363050672,12.105973743332758
42,l4b_zs_sc_g8,0,1.0,,1,12605696,8.444249459107716,8.62181319978502
43,l4b_zs_sc_g8,0,1.0,,1,12605696,8.398168524636162,8.57392169713974
44,l4b_zs_sc_g8,0,0.99951171875,,1,12605696,11.481586363050672,12.105973743332758
