Width,Tokenizer,PE,Seed,Audit status,L3 SeqAcc %,L3 TF pixel %,L3 rollout pixel %,L3 seam share %,L3 seam err %,L3 interior err %,L3 TF errors,L2 SeqAcc %,Params
64,cell,rope,42,audited,16.60,87.13,70.28,72.42,21.31,6.31,134970,19.53,100289
64,cell,rope,43,audited,17.48,81.85,69.28,52.17,21.65,15.43,190329,20.70,100289
64,cell,rope,44,audited,17.53,83.01,69.00,57.00,22.13,12.98,178120,20.80,100289
64,cell,rope_axial,42,audited,16.31,83.36,69.34,50.50,19.21,14.64,174463,19.24,100289
64,cell,rope_axial,43,audited,15.58,83.30,69.07,46.64,17.80,15.84,175088,19.29,100289
64,cell,rope_axial,44,audited,15.77,87.66,70.08,55.50,15.66,9.77,129445,19.34,100289
64,pair,rope,42,audited,39.84,99.76,90.45,99.13,0.55,0.00,2524,42.87,100993
64,pair,rope,43,audited,23.44,98.74,80.59,98.18,2.82,0.04,13190,26.32,100993
64,pair,rope,44,audited,28.03,99.52,86.03,99.54,1.09,0.00,5008,31.69,100993
64,pair,rope_axial,42,audited,34.77,99.68,88.66,99.94,0.72,0.00,3320,36.96,100993
64,pair,rope_axial,43,audited,31.01,99.62,87.26,100.00,0.88,0.00,4024,34.81,100993
64,pair,rope_axial,44,audited,67.19,99.91,95.79,99.89,0.20,0.00,917,67.63,100993
128,cell,rope,42,audited,56.64,99.81,93.40,83.35,0.37,0.06,2036,59.13,793729
128,cell,rope,43,audited,94.04,99.98,99.04,53.22,0.02,0.01,171,94.38,793729
128,cell,rope,44,audited,97.12,99.99,99.52,72.92,0.02,0.00,96,97.85,793729
128,cell,rope_axial,42,audited,99.41,100.00,99.93,76.47,0.00,0.00,17,99.80,793729
128,cell,rope_axial,43,audited,99.76,100.00,99.95,53.85,0.00,0.00,13,99.90,793729
128,cell,rope_axial,44,audited,98.83,100.00,99.78,51.85,0.00,0.00,27,98.73,793729
128,pair,rope,42,audited,100.00,100.00,100.00,—,0.00,0.00,0,99.85,795137
128,pair,rope,43,audited,100.00,100.00,100.00,—,0.00,0.00,0,99.90,795137
128,pair,rope,44,audited,99.95,100.00,99.99,100.00,0.00,0.00,1,99.95,795137
128,pair,rope_axial,42,audited,97.31,99.99,99.64,92.98,0.01,0.00,57,98.00,795137
128,pair,rope_axial,43,audited,100.00,100.00,100.00,—,0.00,0.00,0,99.95,795137
128,pair,rope_axial,44,audited,99.80,100.00,99.98,100.00,0.00,0.00,4,99.90,795137
