model,depth,width,params,seed,seq_acc,exact_worlds,total_worlds,tf_pixel_acc,rollout_pixel_acc,first_frame_exact,frame_exact,l2_seq_acc,l2_tf_pixel_acc,l2_rollout_pixel_acc,evidence,checkpoint_sha256,prediction_sha256,target_sha256,corpus_sha256,evaluator_sha256
standard TF,4,64,265793,42,0.37939453125,777,2048,0.9976587295532227,0.8614892959594727,0.82861328125,"[0.82861328125, 0.4677734375, 0.44482421875, 0.419921875, 0.4072265625, 0.39794921875, 0.39501953125, 0.3876953125]",0.408203125,0.9978113174438477,0.8726701736450195,registered_run/e13_art_vanilla_L23_l4_d64_s42/eval_l3_zs_sc.json,64863d508dee5f1a43b5f6e3db599953fe062efb8a6e437230bb2dbe20229541,8c86b1be6db87cdc83f4c94218631c1062f211409d670c71e0e002d192b16ab0,4462d1340ac3576ca77e7ae4e37e143f98f37e38629127c15d5d9c00efa20e5d,6a5f674a4403c90fd59ed5758fbca75f5bd03f0f8a1212411ed3e01db3192ce3,13be26081e7e693c9eb631cdbfefb02a0cfd3836aa847afe1fdb34709b053f7f
standard TF,4,64,265793,43,0.1904296875,390,2048,0.9827413558959961,0.7579984664916992,0.2578125,"[0.2578125, 0.2236328125, 0.208984375, 0.20654296875, 0.2041015625, 0.20556640625, 0.2021484375, 0.20458984375]",0.21923828125,0.9837760925292969,0.7708473205566406,registered_run/e13_art_vanilla_L23_l4_d64_s43/eval_l3_zs_sc.json,ef8bca317d8bc69bf5de4fe956cc3bb80aa293f4a4e165db17ec2addd4d5c74c,43d0e7da76e3962b3312eadcd82fd06ea05216cfc3ff5e88db5582b2c540055a,4462d1340ac3576ca77e7ae4e37e143f98f37e38629127c15d5d9c00efa20e5d,6a5f674a4403c90fd59ed5758fbca75f5bd03f0f8a1212411ed3e01db3192ce3,13be26081e7e693c9eb631cdbfefb02a0cfd3836aa847afe1fdb34709b053f7f
standard TF,4,64,265793,44,0.60546875,1240,2048,0.9967947006225586,0.9241209030151367,0.86767578125,"[0.86767578125, 0.7822265625, 0.728515625, 0.69580078125, 0.6669921875, 0.6435546875, 0.623046875, 0.61083984375]",0.61962890625,0.9970817565917969,0.9322509765625,registered_run/e13_art_vanilla_L23_l4_d64_s44/eval_l3_zs_sc.json,82a6c95d5d7831e757d344bd5ed79e975ebb99fbb7afbf4f36d7486e1f01e97a,209229da97fef8c8496a45a85c7514150b24fcedd06b440f168b80350f9b52a7,4462d1340ac3576ca77e7ae4e37e143f98f37e38629127c15d5d9c00efa20e5d,d65320dc0db22130c5e2b69ebaf6da617003a3f8545be52f4325335392181801,13be26081e7e693c9eb631cdbfefb02a0cfd3836aa847afe1fdb34709b053f7f
LifeGPT,12,256,12605696,42,0.99560546875,2039,2048,0.9999914169311523,0.9996261596679688,0.99951171875,"[0.99951171875, 0.99951171875, 0.99853515625, 0.998046875, 0.99755859375, 0.9970703125, 0.9970703125, 0.99609375]",0.99658203125,0.9999933242797852,0.9994468688964844,registered_run/e13_lifegpt_L23_l12_d256_s42/eval_l3_zs_sc.json,d2ae0f509f4161968cbf9a22fd3074315ae67aee2a501c556a5ec7a5180ae113,ca53193f58be679c6a2b8592da098149e57547feb00c4695379c900e464e52db,4462d1340ac3576ca77e7ae4e37e143f98f37e38629127c15d5d9c00efa20e5d,d65320dc0db22130c5e2b69ebaf6da617003a3f8545be52f4325335392181801,13be26081e7e693c9eb631cdbfefb02a0cfd3836aa847afe1fdb34709b053f7f
LifeGPT,12,256,12605696,43,1.0,2048,2048,1.0,1.0,1.0,"[1.0, 1.0, 1.0, 1.0, 1.0, 1.0, 1.0, 1.0]",1.0,1.0,1.0,registered_run/e13_lifegpt_L23_l12_d256_s43/eval_l3_zs_sc.json,d4a7a9c7830191bdee81827485d2316908b398d0302552484b4aa09a69f7730c,863ff14de04c51c39f31787fae59133dbe800443ffdaed65a798a5d2beae4b80,4462d1340ac3576ca77e7ae4e37e143f98f37e38629127c15d5d9c00efa20e5d,d65320dc0db22130c5e2b69ebaf6da617003a3f8545be52f4325335392181801,13be26081e7e693c9eb631cdbfefb02a0cfd3836aa847afe1fdb34709b053f7f
LifeGPT,12,256,12605696,44,1.0,2048,2048,1.0,1.0,1.0,"[1.0, 1.0, 1.0, 1.0, 1.0, 1.0, 1.0, 1.0]",1.0,1.0,1.0,registered_run/e13_lifegpt_L23_l12_d256_s44/eval_l3_zs_sc.json,4d1099df89bf45db61d8ec6af57b06d4cd2140ca8b0615ddfc8536da81ceef2d,863ff14de04c51c39f31787fae59133dbe800443ffdaed65a798a5d2beae4b80,4462d1340ac3576ca77e7ae4e37e143f98f37e38629127c15d5d9c00efa20e5d,d65320dc0db22130c5e2b69ebaf6da617003a3f8545be52f4325335392181801,13be26081e7e693c9eb631cdbfefb02a0cfd3836aa847afe1fdb34709b053f7f
LifeGPT,2,64,132288,42,0.1689453125,346,2048,0.7624950408935547,0.6971054077148438,0.169921875,"[0.169921875, 0.177734375, 0.17529296875, 0.1806640625, 0.17626953125, 0.181640625, 0.17919921875, 0.185546875]",0.20361328125,0.7727670669555664,0.7139167785644531,registered_run/e13_lifegpt_L23_l2_d64_s42/eval_l3_zs_sc.json,1336ddbf97fe6bb970537152cf26fda6ef147c67977f0a8a06af4f90308ce8bb,18506d80ced581716e450a6a42a31f1f532653c087667bd71cd483ceb3a53e6b,4462d1340ac3576ca77e7ae4e37e143f98f37e38629127c15d5d9c00efa20e5d,6a5f674a4403c90fd59ed5758fbca75f5bd03f0f8a1212411ed3e01db3192ce3,13be26081e7e693c9eb631cdbfefb02a0cfd3836aa847afe1fdb34709b053f7f
LifeGPT,2,64,132288,43,0.17138671875,351,2048,0.77392578125,0.6957168579101562,0.17529296875,"[0.17529296875, 0.17578125, 0.17822265625, 0.17822265625, 0.1787109375, 0.1796875, 0.1806640625, 0.18115234375]",0.2021484375,0.7845239639282227,0.7092504501342773,registered_run/e13_lifegpt_L23_l2_d64_s43/eval_l3_zs_sc.json,d10b4fd58902889f653405d390a3282614582b20726c55bddd50fc96f4eb42ef,b11d57efe1494e772b5bdfefe088a99e20c88bb321e2d864ef9ddce8fb5c1ea9,4462d1340ac3576ca77e7ae4e37e143f98f37e38629127c15d5d9c00efa20e5d,6a5f674a4403c90fd59ed5758fbca75f5bd03f0f8a1212411ed3e01db3192ce3,13be26081e7e693c9eb631cdbfefb02a0cfd3836aa847afe1fdb34709b053f7f
LifeGPT,2,64,132288,44,0.16650390625,341,2048,0.7781429290771484,0.6880931854248047,0.1708984375,"[0.1708984375, 0.17236328125, 0.17138671875, 0.17431640625, 0.17138671875, 0.17431640625, 0.1728515625, 0.1748046875]",0.193359375,0.7878293991088867,0.7010269165039062,registered_run/e13_lifegpt_L23_l2_d64_s44/eval_l3_zs_sc.json,7111127c62f1f8f0948dd06b43fc0666a1cf5537ee87c393f53b996676201fee,b2fe83fcadee5f09945904f0a66512cb9f4acc44c75be7dfbe77ddec9119326f,4462d1340ac3576ca77e7ae4e37e143f98f37e38629127c15d5d9c00efa20e5d,6a5f674a4403c90fd59ed5758fbca75f5bd03f0f8a1212411ed3e01db3192ce3,13be26081e7e693c9eb631cdbfefb02a0cfd3836aa847afe1fdb34709b053f7f
LifeGPT,4,128,1052800,42,0.94970703125,1945,2048,0.9998798370361328,0.9920921325683594,0.98583984375,"[0.98583984375, 0.97607421875, 0.97314453125, 0.9658203125, 0.95947265625, 0.95556640625, 0.953125, 0.9501953125]",0.95263671875,0.9998855590820312,0.9923248291015625,registered_run/e13_lifegpt_L23_l4_d128_s42/eval_l3_zs_sc.json,62d7aaa7ab361e1e33f2e9d25eca2ffec407dec73227f9acc287e3a1a343acc9,fa335a708dfb921019a5d5c915f203312388bffb3d61f423de03e341374c81b4,4462d1340ac3576ca77e7ae4e37e143f98f37e38629127c15d5d9c00efa20e5d,d65320dc0db22130c5e2b69ebaf6da617003a3f8545be52f4325335392181801,13be26081e7e693c9eb631cdbfefb02a0cfd3836aa847afe1fdb34709b053f7f
LifeGPT,4,128,1052800,43,0.509765625,1044,2048,0.9981746673583984,0.9702529907226562,0.95458984375,"[0.95458984375, 0.92626953125, 0.90869140625, 0.89111328125, 0.86865234375, 0.76171875, 0.7216796875, 0.5126953125]",0.529296875,0.9982213973999023,0.9714212417602539,registered_run/e13_lifegpt_L23_l4_d128_s43/eval_l3_zs_sc.json,1163a4fe8518483727d55a6bf1fac341807ba88aa66ad57e9b55ec268b948f41,59f5554f34944107ab72e8f28f566538bc0ba3a1b2a7903a959e2793e9af2cbc,4462d1340ac3576ca77e7ae4e37e143f98f37e38629127c15d5d9c00efa20e5d,d65320dc0db22130c5e2b69ebaf6da617003a3f8545be52f4325335392181801,13be26081e7e693c9eb631cdbfefb02a0cfd3836aa847afe1fdb34709b053f7f
LifeGPT,4,128,1052800,44,0.46826171875,959,2048,0.9980459213256836,0.9176778793334961,0.8662109375,"[0.8662109375, 0.77392578125, 0.6923828125, 0.6318359375, 0.576171875, 0.5361328125, 0.50732421875, 0.47216796875]",0.498046875,0.998199462890625,0.9257011413574219,registered_run/e13_lifegpt_L23_l4_d128_s44/eval_l3_zs_sc.json,1883debec4edd5528ede228641b7058f1bdd0af18ce3cb9b166eaa474ca7ae8b,fcc778e5bd40dce0490ab2c5cf0b7b9fce7ee1dc1b5dab20334de75a079f6a40,4462d1340ac3576ca77e7ae4e37e143f98f37e38629127c15d5d9c00efa20e5d,d65320dc0db22130c5e2b69ebaf6da617003a3f8545be52f4325335392181801,13be26081e7e693c9eb631cdbfefb02a0cfd3836aa847afe1fdb34709b053f7f
LifeGPT,4,64,264256,42,0.18212890625,373,2048,0.9327831268310547,0.728846549987793,0.2060546875,"[0.2060546875, 0.1943359375, 0.19140625, 0.1923828125, 0.19384765625, 0.19287109375, 0.1953125, 0.1953125]",0.21875,0.9360189437866211,0.7405853271484375,registered_run/e13_lifegpt_L23_l4_d64_s42/eval_l3_zs_sc.json,cbbae4f6c72f6357fc0fb43fc3634247d7659096bfd7036defc977ee2f4a4043,a3bc68ab006b87d335f4b2855d688a66a5ee81c7ba5b662ab09633838e271939,4462d1340ac3576ca77e7ae4e37e143f98f37e38629127c15d5d9c00efa20e5d,6a5f674a4403c90fd59ed5758fbca75f5bd03f0f8a1212411ed3e01db3192ce3,13be26081e7e693c9eb631cdbfefb02a0cfd3836aa847afe1fdb34709b053f7f
LifeGPT,4,64,264256,43,0.19091796875,391,2048,0.9342679977416992,0.7370119094848633,0.2216796875,"[0.2216796875, 0.20166015625, 0.19677734375, 0.19873046875, 0.19921875, 0.201171875, 0.19921875, 0.20166015625]",0.22412109375,0.9369144439697266,0.7473878860473633,registered_run/e13_lifegpt_L23_l4_d64_s43/eval_l3_zs_sc.json,542f8aefbe9b15ee7e413a77247bcb43a6860ea685289d55edd670d7289a51f4,84814086927a0234253d19c2792a0e27aebb5c2c8b6703a5daf71de8f3cb6ca2,4462d1340ac3576ca77e7ae4e37e143f98f37e38629127c15d5d9c00efa20e5d,6a5f674a4403c90fd59ed5758fbca75f5bd03f0f8a1212411ed3e01db3192ce3,13be26081e7e693c9eb631cdbfefb02a0cfd3836aa847afe1fdb34709b053f7f
LifeGPT,4,64,264256,44,0.19189453125,393,2048,0.9396572113037109,0.7388954162597656,0.2216796875,"[0.2216796875, 0.20458984375, 0.19970703125, 0.19921875, 0.20068359375, 0.2001953125, 0.201171875, 0.20166015625]",0.2265625,0.9419975280761719,0.7495527267456055,registered_run/e13_lifegpt_L23_l4_d64_s44/eval_l3_zs_sc.json,8efbe8344fff7ba51c70e24d5df0c1e0b886dbc97b1f4a0c4a4454ba7de39edb,904531900203106b1fb77829da33af5147ae96b5993c6cd3dfac375d7c0f9202,4462d1340ac3576ca77e7ae4e37e143f98f37e38629127c15d5d9c00efa20e5d,6a5f674a4403c90fd59ed5758fbca75f5bd03f0f8a1212411ed3e01db3192ce3,13be26081e7e693c9eb631cdbfefb02a0cfd3836aa847afe1fdb34709b053f7f
standard TF,4,128,924801,42,0.92822265625,1901,2048,0.9998502731323242,0.9877691268920898,0.98388671875,"[0.98388671875, 0.96630859375, 0.95654296875, 0.94677734375, 0.94140625, 0.9375, 0.9326171875, 0.92919921875]",0.9169921875,0.9998245239257812,0.9864978790283203,registered_run/e13_reference_artvan_L23_d128_sc_s42_bf16/eval_l3_zs_sc.json,10ff002ea83c4f1ca767488e26efd015e7fa7b74ec3deeedbb64bf956e2c804e,1a158fdfc0829991cba2a9ea4fac9e6da164a1ff888cd16d8a2051c1f18818b5,4462d1340ac3576ca77e7ae4e37e143f98f37e38629127c15d5d9c00efa20e5d,6a5f674a4403c90fd59ed5758fbca75f5bd03f0f8a1212411ed3e01db3192ce3,13be26081e7e693c9eb631cdbfefb02a0cfd3836aa847afe1fdb34709b053f7f
standard TF,4,128,924801,43,0.76806640625,1573,2048,0.999394416809082,0.9584169387817383,0.93115234375,"[0.93115234375, 0.88525390625, 0.85205078125, 0.83056640625, 0.80712890625, 0.79296875, 0.78173828125, 0.77197265625]",0.79443359375,0.9994716644287109,0.963409423828125,registered_run/e13_reference_artvan_L23_d128_sc_s43_bf16/eval_l3_zs_sc.json,5aaeacddb24015eb89aa8cd00aac9ef5e2a8b6dcc223b8ef83960b7852e69070,e9039d6dfe5dbc8a821c93f9bdd35ab4618233ce8ca5a5475237a1f9a69ac15b,4462d1340ac3576ca77e7ae4e37e143f98f37e38629127c15d5d9c00efa20e5d,6a5f674a4403c90fd59ed5758fbca75f5bd03f0f8a1212411ed3e01db3192ce3,13be26081e7e693c9eb631cdbfefb02a0cfd3836aa847afe1fdb34709b053f7f
standard TF,4,128,924801,44,0.890625,1824,2048,0.9995250701904297,0.9845027923583984,0.978515625,"[0.978515625, 0.9609375, 0.9453125, 0.9287109375, 0.91748046875, 0.90869140625, 0.90185546875, 0.892578125]",0.90966796875,0.9994888305664062,0.9854545593261719,registered_run/e13_reference_artvan_L23_d128_sc_s44_bf16/eval_l3_zs_sc.json,f2afac3b13a55faaa2110984c8ceab3cf19759cc8fcb992262cc825fb35ed3be,508d9038d6f4e99e975d72d5dee8b73842219b14adf7cbc76b4074309a03768c,4462d1340ac3576ca77e7ae4e37e143f98f37e38629127c15d5d9c00efa20e5d,6a5f674a4403c90fd59ed5758fbca75f5bd03f0f8a1212411ed3e01db3192ce3,13be26081e7e693c9eb631cdbfefb02a0cfd3836aa847afe1fdb34709b053f7f
standard TF,2,64,165825,42,0.1787109375,366,2048,0.9863042831420898,0.7932043075561523,0.37060546875,"[0.37060546875, 0.318359375, 0.2783203125, 0.25927734375, 0.2451171875, 0.24365234375, 0.21142578125, 0.19091796875]",0.2099609375,0.9871692657470703,0.8029308319091797,registered_run/e13_reference_artvan_L23_d64_sc_s42_bf16/eval_l3_zs_sc.json,7f6119f826a0fce1f06d8abecb07384d398c1689d53e6bb1b2642247450b2239,72f68a822853e21b669257f248d87876fd27e431492ede231b7e8dd99819765c,4462d1340ac3576ca77e7ae4e37e143f98f37e38629127c15d5d9c00efa20e5d,6a5f674a4403c90fd59ed5758fbca75f5bd03f0f8a1212411ed3e01db3192ce3,13be26081e7e693c9eb631cdbfefb02a0cfd3836aa847afe1fdb34709b053f7f
standard TF,2,64,165825,43,0.2861328125,586,2048,0.9930734634399414,0.8770914077758789,0.75927734375,"[0.75927734375, 0.65576171875, 0.56591796875, 0.53076171875, 0.41748046875, 0.38818359375, 0.310546875, 0.29736328125]",0.31640625,0.9936723709106445,0.8916358947753906,registered_run/e13_reference_artvan_L23_d64_sc_s43_bf16/eval_l3_zs_sc.json,84d58bd2164657f90a6c9193e3c88996de2efa2ffae63e5634935a4bf7fa3d04,407e83eb8f30aed0ecbda42ae46d09ecd2c85de1b1f7be360865ecab3040fea2,4462d1340ac3576ca77e7ae4e37e143f98f37e38629127c15d5d9c00efa20e5d,6a5f674a4403c90fd59ed5758fbca75f5bd03f0f8a1212411ed3e01db3192ce3,13be26081e7e693c9eb631cdbfefb02a0cfd3836aa847afe1fdb34709b053f7f
standard TF,2,64,165825,44,0.31201171875,639,2048,0.9935693740844727,0.8847475051879883,0.77294921875,"[0.77294921875, 0.65966796875, 0.58837890625, 0.53662109375, 0.48681640625, 0.4560546875, 0.3955078125, 0.3212890625]",0.33740234375,0.9939851760864258,0.8905811309814453,registered_run/e13_reference_artvan_L23_d64_sc_s44_bf16/eval_l3_zs_sc.json,7abf31ce314cb2846de648e73fbab6648cf9b40221dc28a16d0e003d51da181f,3b2f139ab0f7a0d96fbb093b0b889f810a4302beb765abc3bb475fc9f4783f16,4462d1340ac3576ca77e7ae4e37e143f98f37e38629127c15d5d9c00efa20e5d,6a5f674a4403c90fd59ed5758fbca75f5bd03f0f8a1212411ed3e01db3192ce3,13be26081e7e693c9eb631cdbfefb02a0cfd3836aa847afe1fdb34709b053f7f
